product_event_id,event_time,product_id,product_name,category,brand,price,discount_percent,availability_status,rating
PEVT200000,2026-02-27 01:05:47,PID1121,Product_179,Clothing,BrandA,4995,49,Preorder,3.9
PEVT200001,2026-02-27 01:05:48,PID1048,Product_296,Sports,BrandD,6550,6,Preorder,1.7
PEVT200002,2026-02-27 01:05:49,PID1091,Product_240,Electronics,BrandA,3101,44,In Stock,1.8
PEVT200003,2026-02-27 01:05:50,PID1067,Product_150,Books,BrandD,7325,34,Out of Stock,2.0
PEVT200004,2026-02-27 01:05:51,PID1112,Product_135,Sports,BrandB,2696,50,Out of Stock,3.1
PEVT200005,2026-02-27 01:05:52,PID1147,Product_39,Books,BrandA,5276,29,Preorder,3.7
PEVT200006,2026-02-27 01:05:53,PID1044,Product_24,Books,BrandD,5963,49,Out of Stock,4.2
PEVT200007,2026-02-27 01:05:54,PID1151,Product_257,Home Appliances,BrandC,6169,9,Out of Stock,2.7
PEVT200008,2026-02-27 01:05:55,PID1113,Product_117,Electronics,BrandA,6008,48,In Stock,2.3
PEVT200009,2026-02-27 01:05:56,PID1014,Product_123,Electronics,BrandA,4644,34,In Stock,2.5
PEVT200010,2026-02-27 01:05:57,PID1070,Product_101,Books,BrandB,1714,48,Preorder,1.4
PEVT200011,2026-02-27 01:05:58,PID1112,Product_138,Sports,BrandB,7907,34,Out of Stock,2.5
PEVT200012,2026-02-27 01:05:59,PID1169,Product_258,Sports,BrandA,4127,24,Preorder,4.0
PEVT200013,2026-02-27 01:06:00,PID1174,Product_93,Sports,BrandB,9370,21,In Stock,3.5
PEVT200014,2026-02-27 01:06:01,PID1192,Product_148,Books,BrandA,3213,32,Preorder,3.4
PEVT200015,2026-02-27 01:06:02,PID1078,Product_43,Sports,BrandD,4708,1,Out of Stock,3.9
PEVT200016,2026-02-27 01:06:03,PID1064,Product_98,Electronics,BrandA,8421,20,Preorder,1.0
PEVT200017,2026-02-27 01:06:04,PID1192,Product_51,Electronics,BrandB,901,25,Preorder,4.1
PEVT200018,2026-02-27 01:06:05,PID1078,Product_288,Books,BrandA,3572,34,In Stock,2.3
PEVT200019,2026-02-27 01:06:06,PID1145,Product_233,Books,BrandC,7591,35,In Stock,4.4
PEVT200020,2026-02-27 01:06:07,PID1022,Product_229,Sports,BrandE,9222,13,Preorder,1.0
PEVT200021,2026-02-27 01:06:08,PID1145,Product_104,Books,BrandB,6074,0,Out of Stock,4.3
PEVT200022,2026-02-27 01:06:09,PID1076,Product_37,Home Appliances,BrandB,3910,24,Out of Stock,4.7
PEVT200023,2026-02-27 01:06:10,PID1021,Product_110,Books,BrandE,5139,22,Preorder,2.0
PEVT200024,2026-02-27 01:06:11,PID1169,Product_190,Home Appliances,BrandE,5124,25,Preorder,1.1
PEVT200025,2026-02-27 01:06:12,PID1009,Product_32,Clothing,BrandD,9992,10,In Stock,1.2
PEVT200026,2026-02-27 01:06:13,PID1011,Product_211,Sports,BrandA,403,41,In Stock,2.2
PEVT200027,2026-02-27 01:06:14,PID1013,Product_168,Sports,BrandB,5617,22,Out of Stock,4.0
PEVT200028,2026-02-27 01:06:15,PID1161,Product_298,Books,BrandB,4088,17,In Stock,2.4
PEVT200029,2026-02-27 01:06:16,PID1082,Product_223,Books,BrandB,7202,20,Preorder,4.0
PEVT200030,2026-02-27 01:06:17,PID1130,Product_265,Books,BrandD,1145,22,Preorder,2.6
PEVT200031,2026-02-27 01:06:18,PID1162,Product_139,Electronics,BrandA,4886,14,In Stock,1.2
PEVT200032,2026-02-27 01:06:19,PID1032,Product_15,Clothing,BrandA,6559,29,Out of Stock,1.8
PEVT200033,2026-02-27 01:06:20,PID1059,Product_285,Books,BrandE,8117,34,In Stock,2.0
PEVT200034,2026-02-27 01:06:21,PID1193,Product_243,Home Appliances,BrandE,6258,32,Preorder,4.9
PEVT200035,2026-02-27 01:06:22,PID1083,Product_84,Sports,BrandB,413,30,In Stock,2.3
PEVT200036,2026-02-27 01:06:23,PID1076,Product_154,Electronics,BrandA,5711,0,Out of Stock,1.5
PEVT200037,2026-02-27 01:06:24,PID1104,Product_158,Books,BrandE,454,25,Preorder,3.4
PEVT200038,2026-02-27 01:06:25,PID1086,Product_273,Clothing,BrandA,2277,2,Preorder,4.5
PEVT200039,2026-02-27 01:06:26,PID1162,Product_91,Sports,BrandB,288,16,In Stock,1.8
PEVT200040,2026-02-27 01:06:27,PID1187,Product_183,Electronics,BrandA,8079,1,Out of Stock,1.8
PEVT200041,2026-02-27 01:06:28,PID1198,Product_29,Electronics,BrandB,3435,7,In Stock,2.3
PEVT200042,2026-02-27 01:06:29,PID1104,Product_23,Electronics,BrandB,2790,18,In Stock,2.8
PEVT200043,2026-02-27 01:06:30,PID1019,Product_187,Sports,BrandE,6898,46,In Stock,3.9
PEVT200044,2026-02-27 01:06:31,PID1163,Product_233,Sports,BrandD,6514,36,Out of Stock,3.1
PEVT200045,2026-02-27 01:06:32,PID1043,Product_135,Electronics,BrandD,626,49,Preorder,1.6
PEVT200046,2026-02-27 01:06:33,PID1058,Product_189,Books,BrandA,2079,19,Out of Stock,3.3
PEVT200047,2026-02-27 01:06:34,PID1106,Product_29,Sports,BrandA,910,44,Out of Stock,3.3
PEVT200048,2026-02-27 01:06:35,PID1109,Product_93,Books,BrandD,7899,50,Out of Stock,4.1
PEVT200049,2026-02-27 01:06:36,PID1059,Product_198,Books,BrandC,4917,35,In Stock,2.2
PEVT200050,2026-02-27 01:06:37,PID1191,Product_14,Electronics,BrandD,8263,36,Out of Stock,1.3
PEVT200051,2026-02-27 01:06:38,PID1073,Product_104,Clothing,BrandB,367,40,Out of Stock,2.6
PEVT200052,2026-02-27 01:06:39,PID1009,Product_101,Electronics,BrandB,6182,37,In Stock,3.5
PEVT200053,2026-02-27 01:06:40,PID1055,Product_100,Home Appliances,BrandA,6326,40,Preorder,2.6
PEVT200054,2026-02-27 01:06:41,PID1156,Product_51,Books,BrandE,8733,16,Preorder,3.3
PEVT200055,2026-02-27 01:06:42,PID1046,Product_108,Electronics,BrandE,9989,17,In Stock,1.8
PEVT200056,2026-02-27 01:06:43,PID1159,Product_66,Books,BrandE,7110,4,In Stock,4.8
PEVT200057,2026-02-27 01:06:44,PID1174,Product_218,Electronics,BrandD,1101,30,Preorder,2.0
PEVT200058,2026-02-27 01:06:45,PID1181,Product_17,Electronics,BrandE,9146,14,Preorder,1.6
PEVT200059,2026-02-27 01:06:46,PID1090,Product_52,Clothing,BrandE,6138,14,Out of Stock,4.9
PEVT200060,2026-02-27 01:06:47,PID1083,Product_162,Sports,BrandC,1306,15,Out of Stock,5.0
PEVT200061,2026-02-27 01:06:48,PID1108,Product_66,Clothing,BrandE,263,27,Preorder,4.3
PEVT200062,2026-02-27 01:06:49,PID1008,Product_125,Sports,BrandB,814,1,Out of Stock,1.1
PEVT200063,2026-02-27 01:06:50,PID1027,Product_300,Sports,BrandD,3630,36,In Stock,3.5
PEVT200064,2026-02-27 01:06:51,PID1075,Product_174,Clothing,BrandC,8259,22,Out of Stock,4.9
PEVT200065,2026-02-27 01:06:52,PID1144,Product_292,Books,BrandD,5674,2,Out of Stock,3.9
PEVT200066,2026-02-27 01:06:53,PID1025,Product_154,Sports,BrandB,3487,26,Preorder,1.9
PEVT200067,2026-02-27 01:06:54,PID1036,Product_297,Sports,BrandE,1210,45,In Stock,1.5
PEVT200068,2026-02-27 01:06:55,PID1177,Product_95,Books,BrandD,2369,19,In Stock,3.4
PEVT200069,2026-02-27 01:06:56,PID1065,Product_108,Sports,BrandB,4884,25,Preorder,4.6
PEVT200070,2026-02-27 01:06:57,PID1177,Product_276,Sports,BrandB,6979,30,In Stock,3.5
PEVT200071,2026-02-27 01:06:58,PID1156,Product_55,Clothing,BrandD,6243,40,Out of Stock,2.0
PEVT200072,2026-02-27 01:06:59,PID1073,Product_162,Clothing,BrandD,4395,6,In Stock,4.1
PEVT200073,2026-02-27 01:07:00,PID1001,Product_135,Electronics,BrandD,8202,31,Preorder,1.3
PEVT200074,2026-02-27 01:07:01,PID1117,Product_283,Sports,BrandB,6449,28,Preorder,2.4
PEVT200075,2026-02-27 01:07:02,PID1109,Product_219,Clothing,BrandA,9789,23,Preorder,4.8
PEVT200076,2026-02-27 01:07:03,PID1181,Product_241,Home Appliances,BrandE,719,39,Preorder,5.0
PEVT200077,2026-02-27 01:07:04,PID1084,Product_91,Clothing,BrandD,2560,43,Out of Stock,3.7
PEVT200078,2026-02-27 01:07:05,PID1194,Product_91,Books,BrandD,6651,6,Out of Stock,4.8
PEVT200079,2026-02-27 01:07:06,PID1022,Product_154,Books,BrandD,7524,19,Preorder,1.4
PEVT200080,2026-02-27 01:07:07,PID1019,Product_26,Sports,BrandA,375,33,Preorder,2.8
PEVT200081,2026-02-27 01:07:08,PID1077,Product_78,Sports,BrandD,1198,46,Out of Stock,3.2
PEVT200082,2026-02-27 01:07:09,PID1020,Product_129,Home Appliances,BrandB,8826,46,Out of Stock,4.5
PEVT200083,2026-02-27 01:07:10,PID1139,Product_168,Sports,BrandB,5549,45,In Stock,4.8
PEVT200084,2026-02-27 01:07:11,PID1021,Product_263,Electronics,BrandE,6005,41,Out of Stock,1.5
PEVT200085,2026-02-27 01:07:12,PID1168,Product_125,Electronics,BrandA,1916,19,In Stock,1.6
PEVT200086,2026-02-27 01:07:13,PID1022,Product_22,Home Appliances,BrandD,2100,37,In Stock,4.7
PEVT200087,2026-02-27 01:07:14,PID1148,Product_35,Sports,BrandC,940,23,Out of Stock,1.7
PEVT200088,2026-02-27 01:07:15,PID1174,Product_44,Sports,BrandA,1331,3,In Stock,2.7
PEVT200089,2026-02-27 01:07:16,PID1185,Product_140,Books,BrandD,6798,48,Preorder,2.7
PEVT200090,2026-02-27 01:07:17,PID1199,Product_95,Electronics,BrandD,5134,28,Out of Stock,2.6
PEVT200091,2026-02-27 01:07:18,PID1018,Product_66,Electronics,BrandB,3494,22,Out of Stock,2.7
PEVT200092,2026-02-27 01:07:19,PID1171,Product_148,Electronics,BrandA,6954,48,Preorder,4.6
PEVT200093,2026-02-27 01:07:20,PID1025,Product_290,Home Appliances,BrandB,3593,5,Out of Stock,1.7
PEVT200094,2026-02-27 01:07:21,PID1110,Product_192,Books,BrandB,6261,10,Out of Stock,2.4
PEVT200095,2026-02-27 01:07:22,PID1026,Product_292,Home Appliances,BrandA,1977,13,Out of Stock,2.4
PEVT200096,2026-02-27 01:07:23,PID1195,Product_149,Electronics,BrandD,3062,6,In Stock,1.3
PEVT200097,2026-02-27 01:07:24,PID1014,Product_32,Books,BrandD,7684,9,Preorder,1.8
PEVT200098,2026-02-27 01:07:25,PID1005,Product_287,Home Appliances,BrandE,380,21,Out of Stock,2.5
PEVT200099,2026-02-27 01:07:26,PID1175,Product_298,Sports,BrandB,3282,20,Preorder,2.4
PEVT200100,2026-02-27 01:07:27,PID1020,Product_43,Electronics,BrandD,6882,47,Preorder,2.3
PEVT200101,2026-02-27 01:07:28,PID1113,Product_83,Electronics,BrandB,184,43,Preorder,1.2
PEVT200102,2026-02-27 01:07:29,PID1136,Product_47,Home Appliances,BrandA,180,45,In Stock,2.1
PEVT200103,2026-02-27 01:07:30,PID1160,Product_9,Clothing,BrandA,7779,35,In Stock,3.6
PEVT200104,2026-02-27 01:07:31,PID1001,Product_1,Electronics,BrandD,6402,17,Out of Stock,4.9
PEVT200105,2026-02-27 01:07:32,PID1111,Product_73,Clothing,BrandA,7992,27,Preorder,3.7
PEVT200106,2026-02-27 01:07:33,PID1087,Product_20,Electronics,BrandA,9692,24,Preorder,4.5
PEVT200107,2026-02-27 01:07:34,PID1189,Product_212,Sports,BrandE,6926,39,Preorder,2.2
PEVT200108,2026-02-27 01:07:35,PID1005,Product_164,Electronics,BrandB,8294,15,Out of Stock,2.7
PEVT200109,2026-02-27 01:07:36,PID1176,Product_242,Home Appliances,BrandC,3871,14,In Stock,2.4
PEVT200110,2026-02-27 01:07:37,PID1154,Product_152,Home Appliances,BrandC,9515,8,Out of Stock,2.2
PEVT200111,2026-02-27 01:07:38,PID1058,Product_123,Home Appliances,BrandA,4299,46,In Stock,3.3
PEVT200112,2026-02-27 01:07:39,PID1105,Product_128,Books,BrandE,1387,21,Out of Stock,3.3
PEVT200113,2026-02-27 01:07:40,PID1188,Product_68,Home Appliances,BrandD,2786,18,Out of Stock,1.2
PEVT200114,2026-02-27 01:07:41,PID1140,Product_69,Books,BrandB,5224,3,In Stock,2.4
PEVT200115,2026-02-27 01:07:42,PID1174,Product_123,Electronics,BrandE,5992,15,Preorder,2.2
PEVT200116,2026-02-27 01:07:43,PID1106,Product_91,Clothing,BrandB,150,0,Out of Stock,3.7
PEVT200117,2026-02-27 01:07:44,PID1022,Product_50,Clothing,BrandD,4286,14,Out of Stock,3.6
PEVT200118,2026-02-27 01:07:45,PID1135,Product_218,Books,BrandC,107,13,Preorder,2.7
PEVT200119,2026-02-27 01:07:46,PID1173,Product_4,Electronics,BrandA,6173,28,In Stock,2.4
PEVT200120,2026-02-27 01:07:47,PID1191,Product_132,Home Appliances,BrandD,2590,31,In Stock,3.9
PEVT200121,2026-02-27 01:07:48,PID1101,Product_79,Books,BrandD,3291,11,In Stock,2.1
PEVT200122,2026-02-27 01:07:49,PID1149,Product_103,Home Appliances,BrandA,7304,25,Out of Stock,1.9
PEVT200123,2026-02-27 01:07:50,PID1127,Product_195,Sports,BrandA,5558,40,Preorder,2.9
PEVT200124,2026-02-27 01:07:51,PID1051,Product_167,Books,BrandD,3557,9,Out of Stock,2.6
PEVT200125,2026-02-27 01:07:52,PID1007,Product_265,Home Appliances,BrandD,7608,19,Preorder,1.2
PEVT200126,2026-02-27 01:07:53,PID1105,Product_236,Electronics,BrandC,5010,20,Preorder,2.1
PEVT200127,2026-02-27 01:07:54,PID1194,Product_190,Sports,BrandE,604,49,Preorder,1.0
PEVT200128,2026-02-27 01:07:55,PID1046,Product_10,Clothing,BrandB,691,14,Out of Stock,4.3
PEVT200129,2026-02-27 01:07:56,PID1104,Product_116,Home Appliances,BrandE,7875,3,In Stock,1.9
PEVT200130,2026-02-27 01:07:57,PID1072,Product_241,Clothing,BrandA,2967,34,Out of Stock,4.3
PEVT200131,2026-02-27 01:07:58,PID1030,Product_4,Sports,BrandD,4139,16,Preorder,3.2
PEVT200132,2026-02-27 01:07:59,PID1018,Product_250,Clothing,BrandA,3156,32,In Stock,3.9
PEVT200133,2026-02-27 01:08:00,PID1138,Product_112,Books,BrandB,3427,19,Out of Stock,3.2
PEVT200134,2026-02-27 01:08:01,PID1100,Product_37,Home Appliances,BrandB,8973,34,Preorder,4.1
PEVT200135,2026-02-27 01:08:02,PID1022,Product_252,Sports,BrandD,7483,3,Out of Stock,3.2
PEVT200136,2026-02-27 01:08:03,PID1151,Product_114,Sports,BrandA,8499,3,Preorder,3.5
PEVT200137,2026-02-27 01:08:04,PID1039,Product_94,Electronics,BrandA,3356,42,Out of Stock,2.7
PEVT200138,2026-02-27 01:08:05,PID1144,Product_30,Clothing,BrandE,7251,49,In Stock,1.1
PEVT200139,2026-02-27 01:08:06,PID1188,Product_137,Books,BrandE,839,31,In Stock,3.8
PEVT200140,2026-02-27 01:08:07,PID1086,Product_19,Sports,BrandD,8822,32,In Stock,2.3
PEVT200141,2026-02-27 01:08:08,PID1082,Product_285,Books,BrandB,2353,13,Preorder,3.3
PEVT200142,2026-02-27 01:08:09,PID1063,Product_267,Books,BrandA,578,40,Out of Stock,3.7
PEVT200143,2026-02-27 01:08:10,PID1034,Product_245,Electronics,BrandE,9000,5,Preorder,4.1
PEVT200144,2026-02-27 01:08:11,PID1027,Product_49,Clothing,BrandA,6276,50,Preorder,2.0
PEVT200145,2026-02-27 01:08:12,PID1004,Product_69,Sports,BrandC,7449,5,Preorder,3.5
PEVT200146,2026-02-27 01:08:13,PID1128,Product_119,Clothing,BrandB,7084,28,In Stock,3.5
PEVT200147,2026-02-27 01:08:14,PID1067,Product_201,Electronics,BrandD,1481,18,In Stock,2.2
PEVT200148,2026-02-27 01:08:15,PID1169,Product_253,Sports,BrandE,7936,21,In Stock,4.3
PEVT200149,2026-02-27 01:08:16,PID1183,Product_273,Electronics,BrandB,8283,20,Out of Stock,1.1
PEVT200150,2026-02-27 01:08:17,PID1122,Product_157,Books,BrandB,7740,20,In Stock,3.7
PEVT200151,2026-02-27 01:08:18,PID1054,Product_145,Electronics,BrandD,5708,14,In Stock,3.5
PEVT200152,2026-02-27 01:08:19,PID1150,Product_75,Electronics,BrandD,9660,17,Preorder,2.5
PEVT200153,2026-02-27 01:08:20,PID1104,Product_253,Home Appliances,BrandD,3411,16,Preorder,1.6
PEVT200154,2026-02-27 01:08:21,PID1081,Product_215,Sports,BrandB,4348,45,Preorder,1.4
PEVT200155,2026-02-27 01:08:22,PID1134,Product_79,Clothing,BrandE,4145,24,Preorder,2.4
PEVT200156,2026-02-27 01:08:23,PID1050,Product_106,Home Appliances,BrandC,7727,31,In Stock,4.9
PEVT200157,2026-02-27 01:08:24,PID1095,Product_181,Electronics,BrandB,154,10,Preorder,2.1
PEVT200158,2026-02-27 01:08:25,PID1074,Product_288,Clothing,BrandB,4705,2,Out of Stock,1.5
PEVT200159,2026-02-27 01:08:26,PID1121,Product_54,Home Appliances,BrandB,8879,14,Out of Stock,1.3
PEVT200160,2026-02-27 01:08:27,PID1157,Product_21,Clothing,BrandB,8831,20,Preorder,1.4
PEVT200161,2026-02-27 01:08:28,PID1008,Product_181,Clothing,BrandA,2264,33,In Stock,3.7
PEVT200162,2026-02-27 01:08:29,PID1085,Product_85,Books,BrandC,4824,40,Preorder,4.4
PEVT200163,2026-02-27 01:08:30,PID1122,Product_299,Sports,BrandC,5953,44,Preorder,2.1
PEVT200164,2026-02-27 01:08:31,PID1002,Product_169,Electronics,BrandB,6169,38,Out of Stock,3.6
PEVT200165,2026-02-27 01:08:32,PID1152,Product_196,Sports,BrandA,1365,3,Out of Stock,1.3
PEVT200166,2026-02-27 01:08:33,PID1009,Product_285,Books,BrandC,6851,5,Preorder,4.7
PEVT200167,2026-02-27 01:08:34,PID1010,Product_159,Books,BrandC,5219,37,Out of Stock,2.9
PEVT200168,2026-02-27 01:08:35,PID1004,Product_219,Clothing,BrandD,3586,0,Out of Stock,2.9
PEVT200169,2026-02-27 01:08:36,PID1176,Product_117,Books,BrandE,3990,22,Out of Stock,3.1
PEVT200170,2026-02-27 01:08:37,PID1179,Product_160,Clothing,BrandB,4390,5,In Stock,3.9
PEVT200171,2026-02-27 01:08:38,PID1136,Product_299,Sports,BrandC,3791,0,Out of Stock,1.7
PEVT200172,2026-02-27 01:08:39,PID1065,Product_92,Home Appliances,BrandB,1228,38,In Stock,2.7
PEVT200173,2026-02-27 01:08:40,PID1166,Product_34,Books,BrandC,1860,31,In Stock,1.4
PEVT200174,2026-02-27 01:08:41,PID1092,Product_130,Home Appliances,BrandB,6525,28,In Stock,2.9
PEVT200175,2026-02-27 01:08:42,PID1152,Product_55,Books,BrandA,4577,25,Preorder,2.4
PEVT200176,2026-02-27 01:08:43,PID1066,Product_211,Sports,BrandA,1496,27,Out of Stock,3.4
PEVT200177,2026-02-27 01:08:44,PID1169,Product_96,Books,BrandE,8601,13,Preorder,4.3
PEVT200178,2026-02-27 01:08:45,PID1113,Product_219,Books,BrandC,2989,32,Out of Stock,2.7
PEVT200179,2026-02-27 01:08:46,PID1066,Product_229,Clothing,BrandE,2110,2,Preorder,2.7
PEVT200180,2026-02-27 01:08:47,PID1103,Product_133,Books,BrandE,5416,11,Preorder,3.8
PEVT200181,2026-02-27 01:08:48,PID1194,Product_100,Sports,BrandC,4029,30,Out of Stock,1.9
PEVT200182,2026-02-27 01:08:49,PID1087,Product_197,Books,BrandA,8083,50,In Stock,1.1
PEVT200183,2026-02-27 01:08:50,PID1008,Product_202,Sports,BrandC,7120,40,Out of Stock,2.6
PEVT200184,2026-02-27 01:08:51,PID1013,Product_81,Clothing,BrandB,5984,41,In Stock,4.1
PEVT200185,2026-02-27 01:08:52,PID1107,Product_297,Electronics,BrandA,9757,4,Preorder,4.5
PEVT200186,2026-02-27 01:08:53,PID1012,Product_196,Home Appliances,BrandD,2419,1,Preorder,4.2
PEVT200187,2026-02-27 01:08:54,PID1175,Product_60,Home Appliances,BrandD,4382,17,Preorder,4.5
PEVT200188,2026-02-27 01:08:55,PID1108,Product_234,Electronics,BrandC,5810,9,Preorder,2.7
PEVT200189,2026-02-27 01:08:56,PID1002,Product_106,Clothing,BrandE,5359,42,Out of Stock,2.9
PEVT200190,2026-02-27 01:08:57,PID1178,Product_218,Electronics,BrandE,2554,30,In Stock,4.9
PEVT200191,2026-02-27 01:08:58,PID1131,Product_52,Books,BrandD,2349,3,Preorder,4.1
PEVT200192,2026-02-27 01:08:59,PID1189,Product_61,Clothing,BrandB,8975,19,Preorder,4.1
PEVT200193,2026-02-27 01:09:00,PID1124,Product_104,Books,BrandC,347,14,In Stock,3.5
PEVT200194,2026-02-27 01:09:01,PID1040,Product_298,Sports,BrandE,4525,16,Out of Stock,3.5
PEVT200195,2026-02-27 01:09:02,PID1033,Product_213,Books,BrandC,5637,22,Out of Stock,1.5
PEVT200196,2026-02-27 01:09:03,PID1017,Product_162,Sports,BrandB,2072,49,In Stock,1.2
PEVT200197,2026-02-27 01:09:04,PID1018,Product_145,Clothing,BrandE,810,3,Out of Stock,2.9
PEVT200198,2026-02-27 01:09:05,PID1139,Product_282,Sports,BrandC,3530,18,Preorder,3.8
PEVT200199,2026-02-27 01:09:06,PID1153,Product_32,Clothing,BrandC,6834,9,In Stock,1.0
PEVT200200,2026-02-27 01:09:07,PID1193,Product_256,Home Appliances,BrandC,6530,0,Preorder,3.3
PEVT200201,2026-02-27 01:09:08,PID1023,Product_167,Books,BrandE,5478,49,In Stock,4.4
PEVT200202,2026-02-27 01:09:09,PID1003,Product_62,Books,BrandC,9459,12,Out of Stock,3.9
PEVT200203,2026-02-27 01:09:10,PID1113,Product_15,Sports,BrandD,9532,2,Out of Stock,4.2
PEVT200204,2026-02-27 01:09:11,PID1104,Product_112,Sports,BrandE,9998,3,Preorder,4.5
PEVT200205,2026-02-27 01:09:12,PID1148,Product_48,Clothing,BrandB,3310,22,In Stock,2.3
PEVT200206,2026-02-27 01:09:13,PID1186,Product_29,Books,BrandE,7990,20,In Stock,3.9
PEVT200207,2026-02-27 01:09:14,PID1032,Product_109,Home Appliances,BrandE,2686,33,Out of Stock,4.2
PEVT200208,2026-02-27 01:09:15,PID1132,Product_67,Sports,BrandC,6238,31,Out of Stock,4.8
PEVT200209,2026-02-27 01:09:16,PID1133,Product_60,Books,BrandB,9467,43,Out of Stock,1.1
PEVT200210,2026-02-27 01:09:17,PID1001,Product_125,Books,BrandA,284,23,Preorder,4.2
PEVT200211,2026-02-27 01:09:18,PID1057,Product_103,Sports,BrandC,2786,35,Out of Stock,4.4
PEVT200212,2026-02-27 01:09:19,PID1039,Product_299,Electronics,BrandC,8329,34,Out of Stock,4.0
PEVT200213,2026-02-27 01:09:20,PID1167,Product_9,Books,BrandB,7827,46,Preorder,5.0
PEVT200214,2026-02-27 01:09:21,PID1020,Product_129,Sports,BrandA,3074,23,In Stock,3.0
PEVT200215,2026-02-27 01:09:22,PID1143,Product_222,Electronics,BrandE,2907,43,Preorder,1.8
PEVT200216,2026-02-27 01:09:23,PID1064,Product_20,Home Appliances,BrandB,2257,40,Out of Stock,3.6
PEVT200217,2026-02-27 01:09:24,PID1062,Product_130,Clothing,BrandB,1095,30,In Stock,2.3
PEVT200218,2026-02-27 01:09:25,PID1049,Product_92,Sports,BrandB,5555,8,In Stock,1.3
PEVT200219,2026-02-27 01:09:26,PID1144,Product_41,Home Appliances,BrandE,9546,45,Preorder,2.0
PEVT200220,2026-02-27 01:09:27,PID1078,Product_13,Clothing,BrandC,7850,34,In Stock,4.6
PEVT200221,2026-02-27 01:09:28,PID1194,Product_267,Home Appliances,BrandD,3966,49,In Stock,3.9
PEVT200222,2026-02-27 01:09:29,PID1168,Product_52,Home Appliances,BrandC,2343,10,Out of Stock,2.8
PEVT200223,2026-02-27 01:09:30,PID1101,Product_28,Electronics,BrandB,6101,6,Out of Stock,4.5
PEVT200224,2026-02-27 01:09:31,PID1155,Product_227,Sports,BrandA,7980,48,Preorder,1.1
PEVT200225,2026-02-27 01:09:32,PID1188,Product_9,Home Appliances,BrandD,5793,46,Out of Stock,2.8
PEVT200226,2026-02-27 01:09:33,PID1121,Product_34,Clothing,BrandB,7894,26,Out of Stock,2.7
PEVT200227,2026-02-27 01:09:34,PID1072,Product_262,Clothing,BrandC,6357,20,In Stock,1.7
PEVT200228,2026-02-27 01:09:35,PID1143,Product_227,Books,BrandD,1380,23,In Stock,4.7
PEVT200229,2026-02-27 01:09:36,PID1129,Product_176,Books,BrandD,9042,21,In Stock,2.4
PEVT200230,2026-02-27 01:09:37,PID1052,Product_130,Clothing,BrandC,3449,15,Out of Stock,1.6
PEVT200231,2026-02-27 01:09:38,PID1163,Product_147,Books,BrandA,6736,0,In Stock,1.1
PEVT200232,2026-02-27 01:09:39,PID1090,Product_41,Home Appliances,BrandB,9324,50,In Stock,3.5
PEVT200233,2026-02-27 01:09:40,PID1169,Product_277,Electronics,BrandE,1122,45,Preorder,3.4
PEVT200234,2026-02-27 01:09:41,PID1162,Product_169,Electronics,BrandA,4878,27,Out of Stock,4.6
PEVT200235,2026-02-27 01:09:42,PID1039,Product_288,Electronics,BrandD,4255,48,Preorder,4.1
PEVT200236,2026-02-27 01:09:43,PID1055,Product_103,Books,BrandD,2101,15,In Stock,2.9
PEVT200237,2026-02-27 01:09:44,PID1096,Product_112,Home Appliances,BrandA,5406,18,Out of Stock,2.2
PEVT200238,2026-02-27 01:09:45,PID1105,Product_205,Clothing,BrandA,4120,5,In Stock,1.6
PEVT200239,2026-02-27 01:09:46,PID1167,Product_122,Electronics,BrandC,5618,24,Preorder,1.2
PEVT200240,2026-02-27 01:09:47,PID1012,Product_281,Clothing,BrandD,1029,47,Out of Stock,3.2
PEVT200241,2026-02-27 01:09:48,PID1069,Product_109,Clothing,BrandA,2071,22,Out of Stock,1.8
PEVT200242,2026-02-27 01:09:49,PID1191,Product_104,Home Appliances,BrandA,5552,16,Preorder,3.7
PEVT200243,2026-02-27 01:09:50,PID1087,Product_114,Books,BrandB,7704,14,Preorder,2.8
PEVT200244,2026-02-27 01:09:51,PID1143,Product_269,Books,BrandC,7341,37,Preorder,2.0
PEVT200245,2026-02-27 01:09:52,PID1167,Product_11,Clothing,BrandE,4536,0,In Stock,3.6
PEVT200246,2026-02-27 01:09:53,PID1013,Product_213,Electronics,BrandB,7169,27,Preorder,1.8
PEVT200247,2026-02-27 01:09:54,PID1022,Product_132,Home Appliances,BrandD,635,1,In Stock,3.3
PEVT200248,2026-02-27 01:09:55,PID1068,Product_97,Electronics,BrandB,9985,43,Out of Stock,4.8
PEVT200249,2026-02-27 01:09:56,PID1025,Product_234,Sports,BrandD,9926,28,Preorder,2.9
PEVT200250,2026-02-27 01:09:57,PID1138,Product_116,Sports,BrandC,3556,33,Out of Stock,4.7
PEVT200251,2026-02-27 01:09:58,PID1078,Product_285,Electronics,BrandC,6932,0,Out of Stock,2.4
PEVT200252,2026-02-27 01:09:59,PID1038,Product_206,Books,BrandC,4557,25,Preorder,3.2
PEVT200253,2026-02-27 01:10:00,PID1006,Product_41,Clothing,BrandD,8715,24,Out of Stock,4.1
PEVT200254,2026-02-27 01:10:01,PID1174,Product_131,Sports,BrandE,2629,38,Out of Stock,4.4
PEVT200255,2026-02-27 01:10:02,PID1104,Product_108,Clothing,BrandC,1034,29,Preorder,3.1
PEVT200256,2026-02-27 01:10:03,PID1037,Product_172,Electronics,BrandD,4241,33,Out of Stock,4.3
PEVT200257,2026-02-27 01:10:04,PID1057,Product_50,Home Appliances,BrandE,807,12,Preorder,2.3
PEVT200258,2026-02-27 01:10:05,PID1138,Product_132,Sports,BrandA,4489,3,In Stock,3.9
PEVT200259,2026-02-27 01:10:06,PID1142,Product_119,Books,BrandB,7977,28,Preorder,1.1
PEVT200260,2026-02-27 01:10:07,PID1029,Product_94,Clothing,BrandD,7800,40,Out of Stock,1.5
PEVT200261,2026-02-27 01:10:08,PID1016,Product_61,Sports,BrandC,860,17,In Stock,3.4
PEVT200262,2026-02-27 01:10:09,PID1151,Product_52,Electronics,BrandC,9683,48,Preorder,2.9
PEVT200263,2026-02-27 01:10:10,PID1128,Product_55,Sports,BrandC,4948,24,In Stock,4.1
PEVT200264,2026-02-27 01:10:11,PID1097,Product_251,Clothing,BrandB,1542,42,Out of Stock,4.1
PEVT200265,2026-02-27 01:10:12,PID1029,Product_106,Home Appliances,BrandE,7605,38,In Stock,1.4
PEVT200266,2026-02-27 01:10:13,PID1021,Product_269,Home Appliances,BrandC,8015,9,Preorder,4.8
PEVT200267,2026-02-27 01:10:14,PID1159,Product_263,Clothing,BrandB,6287,13,In Stock,1.2
PEVT200268,2026-02-27 01:10:15,PID1123,Product_184,Sports,BrandE,6384,33,Out of Stock,2.7
PEVT200269,2026-02-27 01:10:16,PID1122,Product_249,Home Appliances,BrandE,1943,21,Out of Stock,4.3
PEVT200270,2026-02-27 01:10:17,PID1113,Product_294,Clothing,BrandB,2381,37,In Stock,4.7
PEVT200271,2026-02-27 01:10:18,PID1002,Product_103,Books,BrandE,7062,5,Preorder,3.6
PEVT200272,2026-02-27 01:10:19,PID1132,Product_150,Electronics,BrandA,5411,11,In Stock,1.0
PEVT200273,2026-02-27 01:10:20,PID1048,Product_66,Books,BrandB,9807,35,Out of Stock,3.0
PEVT200274,2026-02-27 01:10:21,PID1065,Product_117,Books,BrandC,492,30,Preorder,3.9
PEVT200275,2026-02-27 01:10:22,PID1081,Product_290,Home Appliances,BrandC,4630,44,Out of Stock,3.1
PEVT200276,2026-02-27 01:10:23,PID1127,Product_100,Sports,BrandE,7887,38,In Stock,4.6
PEVT200277,2026-02-27 01:10:24,PID1151,Product_135,Home Appliances,BrandC,5794,24,In Stock,4.5
PEVT200278,2026-02-27 01:10:25,PID1160,Product_203,Books,BrandA,3141,26,Preorder,1.9
PEVT200279,2026-02-27 01:10:26,PID1106,Product_230,Home Appliances,BrandA,9087,45,Preorder,1.1
PEVT200280,2026-02-27 01:10:27,PID1008,Product_147,Electronics,BrandB,2622,34,Preorder,1.2
PEVT200281,2026-02-27 01:10:28,PID1097,Product_33,Sports,BrandC,5939,20,Preorder,2.9
PEVT200282,2026-02-27 01:10:29,PID1121,Product_14,Clothing,BrandB,141,45,Preorder,3.4
PEVT200283,2026-02-27 01:10:30,PID1040,Product_64,Clothing,BrandE,8449,11,Out of Stock,4.3
PEVT200284,2026-02-27 01:10:31,PID1129,Product_115,Books,BrandA,8030,49,In Stock,2.6
PEVT200285,2026-02-27 01:10:32,PID1038,Product_44,Clothing,BrandC,2531,25,In Stock,1.2
PEVT200286,2026-02-27 01:10:33,PID1148,Product_211,Home Appliances,BrandB,7254,12,In Stock,1.5
PEVT200287,2026-02-27 01:10:34,PID1196,Product_22,Sports,BrandC,3881,38,In Stock,2.1
PEVT200288,2026-02-27 01:10:35,PID1185,Product_172,Sports,BrandA,881,18,Out of Stock,5.0
PEVT200289,2026-02-27 01:10:36,PID1169,Product_92,Sports,BrandB,750,38,Out of Stock,3.3
PEVT200290,2026-02-27 01:10:37,PID1110,Product_289,Sports,BrandB,3216,17,Out of Stock,2.2
PEVT200291,2026-02-27 01:10:38,PID1054,Product_188,Clothing,BrandD,8159,14,Out of Stock,1.7
PEVT200292,2026-02-27 01:10:39,PID1115,Product_155,Books,BrandE,8037,36,In Stock,3.7
PEVT200293,2026-02-27 01:10:40,PID1056,Product_89,Electronics,BrandC,4857,26,Out of Stock,3.9
PEVT200294,2026-02-27 01:10:41,PID1035,Product_8,Home Appliances,BrandA,6181,8,In Stock,1.2
PEVT200295,2026-02-27 01:10:42,PID1169,Product_259,Home Appliances,BrandA,5870,36,Preorder,4.7
PEVT200296,2026-02-27 01:10:43,PID1146,Product_24,Clothing,BrandA,5880,4,In Stock,2.2
PEVT200297,2026-02-27 01:10:44,PID1089,Product_211,Electronics,BrandD,822,29,Preorder,1.3
PEVT200298,2026-02-27 01:10:45,PID1028,Product_112,Clothing,BrandE,2316,46,Preorder,4.6
PEVT200299,2026-02-27 01:10:46,PID1153,Product_76,Home Appliances,BrandB,6390,29,Preorder,1.9
PEVT200300,2026-02-27 01:10:47,PID1148,Product_261,Home Appliances,BrandA,4729,12,In Stock,3.4
PEVT200301,2026-02-27 01:10:48,PID1109,Product_86,Electronics,BrandC,5095,19,Out of Stock,2.1
PEVT200302,2026-02-27 01:10:49,PID1061,Product_243,Home Appliances,BrandD,9309,1,In Stock,2.0
PEVT200303,2026-02-27 01:10:50,PID1194,Product_231,Sports,BrandB,9886,49,Preorder,3.9
PEVT200304,2026-02-27 01:10:51,PID1132,Product_60,Sports,BrandE,6218,45,In Stock,1.3
PEVT200305,2026-02-27 01:10:52,PID1092,Product_134,Home Appliances,BrandD,4209,50,Out of Stock,4.8
PEVT200306,2026-02-27 01:10:53,PID1108,Product_6,Clothing,BrandD,6051,20,Out of Stock,1.2
PEVT200307,2026-02-27 01:10:54,PID1181,Product_37,Books,BrandE,2445,36,Preorder,3.6
PEVT200308,2026-02-27 01:10:55,PID1116,Product_120,Clothing,BrandD,6709,49,Out of Stock,3.0
PEVT200309,2026-02-27 01:10:56,PID1034,Product_50,Sports,BrandE,1096,36,In Stock,3.9
PEVT200310,2026-02-27 01:10:57,PID1054,Product_80,Electronics,BrandE,6135,29,Preorder,3.5
PEVT200311,2026-02-27 01:10:58,PID1003,Product_10,Books,BrandB,845,10,Out of Stock,2.9
PEVT200312,2026-02-27 01:10:59,PID1042,Product_193,Electronics,BrandB,4635,45,Out of Stock,4.5
PEVT200313,2026-02-27 01:11:00,PID1079,Product_59,Home Appliances,BrandB,1525,40,Out of Stock,3.8
PEVT200314,2026-02-27 01:11:01,PID1071,Product_62,Electronics,BrandD,9089,50,Preorder,4.5
PEVT200315,2026-02-27 01:11:02,PID1194,Product_292,Electronics,BrandA,6223,22,In Stock,1.6
PEVT200316,2026-02-27 01:11:03,PID1075,Product_63,Books,BrandB,9959,44,Out of Stock,3.9
PEVT200317,2026-02-27 01:11:04,PID1133,Product_78,Sports,BrandB,3884,50,In Stock,3.8
PEVT200318,2026-02-27 01:11:05,PID1031,Product_12,Books,BrandE,770,40,In Stock,4.9
PEVT200319,2026-02-27 01:11:06,PID1058,Product_121,Books,BrandA,914,1,Preorder,3.4
PEVT200320,2026-02-27 01:11:07,PID1191,Product_34,Home Appliances,BrandD,1729,50,Out of Stock,2.1
PEVT200321,2026-02-27 01:11:08,PID1131,Product_47,Home Appliances,BrandD,9601,0,Preorder,3.2
PEVT200322,2026-02-27 01:11:09,PID1189,Product_94,Sports,BrandE,2566,16,Out of Stock,2.1
PEVT200323,2026-02-27 01:11:10,PID1157,Product_34,Home Appliances,BrandC,2839,11,In Stock,2.8
PEVT200324,2026-02-27 01:11:11,PID1110,Product_101,Clothing,BrandB,5226,8,In Stock,2.9
PEVT200325,2026-02-27 01:11:12,PID1022,Product_129,Home Appliances,BrandE,1363,30,Preorder,3.9
PEVT200326,2026-02-27 01:11:13,PID1096,Product_196,Clothing,BrandE,5954,29,Preorder,4.8
PEVT200327,2026-02-27 01:11:14,PID1058,Product_60,Clothing,BrandA,8519,20,Preorder,1.8
PEVT200328,2026-02-27 01:11:15,PID1077,Product_8,Sports,BrandD,6475,2,In Stock,3.6
PEVT200329,2026-02-27 01:11:16,PID1021,Product_162,Books,BrandB,7436,16,Preorder,2.6
PEVT200330,2026-02-27 01:11:17,PID1086,Product_124,Clothing,BrandA,5459,8,Out of Stock,4.8
PEVT200331,2026-02-27 01:11:18,PID1097,Product_232,Clothing,BrandD,5094,0,Out of Stock,2.6
PEVT200332,2026-02-27 01:11:19,PID1128,Product_132,Clothing,BrandE,3304,4,Out of Stock,3.3
PEVT200333,2026-02-27 01:11:20,PID1012,Product_236,Sports,BrandE,5782,33,Preorder,1.8
PEVT200334,2026-02-27 01:11:21,PID1117,Product_94,Clothing,BrandB,8889,17,In Stock,4.3
PEVT200335,2026-02-27 01:11:22,PID1038,Product_161,Books,BrandC,439,23,Out of Stock,1.9
PEVT200336,2026-02-27 01:11:23,PID1086,Product_138,Books,BrandC,5236,22,In Stock,4.6
PEVT200337,2026-02-27 01:11:24,PID1138,Product_198,Sports,BrandD,3136,11,In Stock,2.7
PEVT200338,2026-02-27 01:11:25,PID1038,Product_238,Books,BrandA,9733,26,Out of Stock,2.5
PEVT200339,2026-02-27 01:11:26,PID1168,Product_115,Books,BrandC,946,36,Preorder,2.2
PEVT200340,2026-02-27 01:11:27,PID1123,Product_55,Clothing,BrandA,687,15,In Stock,1.3
PEVT200341,2026-02-27 01:11:28,PID1085,Product_134,Clothing,BrandA,5967,50,Preorder,1.7
PEVT200342,2026-02-27 01:11:29,PID1066,Product_19,Home Appliances,BrandD,6724,40,In Stock,1.6
PEVT200343,2026-02-27 01:11:30,PID1056,Product_249,Clothing,BrandE,7000,8,Preorder,4.3
PEVT200344,2026-02-27 01:11:31,PID1124,Product_60,Home Appliances,BrandB,4625,37,Out of Stock,3.6
PEVT200345,2026-02-27 01:11:32,PID1127,Product_111,Sports,BrandC,4166,50,Preorder,4.9
PEVT200346,2026-02-27 01:11:33,PID1044,Product_234,Sports,BrandB,2877,6,Preorder,3.9
PEVT200347,2026-02-27 01:11:34,PID1153,Product_57,Home Appliances,BrandE,9265,13,In Stock,3.0
PEVT200348,2026-02-27 01:11:35,PID1055,Product_28,Sports,BrandD,3339,29,In Stock,2.2
PEVT200349,2026-02-27 01:11:36,PID1016,Product_168,Electronics,BrandE,8632,48,In Stock,3.7
PEVT200350,2026-02-27 01:11:37,PID1166,Product_293,Sports,BrandD,2542,40,Preorder,3.7
PEVT200351,2026-02-27 01:11:38,PID1060,Product_297,Electronics,BrandE,6729,39,In Stock,1.8
PEVT200352,2026-02-27 01:11:39,PID1183,Product_21,Books,BrandA,8565,7,In Stock,4.4
PEVT200353,2026-02-27 01:11:40,PID1159,Product_134,Electronics,BrandC,2773,10,Out of Stock,3.6
PEVT200354,2026-02-27 01:11:41,PID1171,Product_142,Books,BrandC,6831,16,Out of Stock,3.7
PEVT200355,2026-02-27 01:11:42,PID1055,Product_181,Electronics,BrandC,3668,29,Preorder,3.5
PEVT200356,2026-02-27 01:11:43,PID1036,Product_260,Electronics,BrandA,5420,3,Out of Stock,4.7
PEVT200357,2026-02-27 01:11:44,PID1155,Product_269,Books,BrandE,4911,40,Preorder,2.1
PEVT200358,2026-02-27 01:11:45,PID1182,Product_129,Books,BrandE,6732,35,Out of Stock,2.9
PEVT200359,2026-02-27 01:11:46,PID1060,Product_59,Books,BrandD,4300,9,Out of Stock,3.9
PEVT200360,2026-02-27 01:11:47,PID1040,Product_145,Clothing,BrandD,8650,3,Preorder,4.9
PEVT200361,2026-02-27 01:11:48,PID1177,Product_236,Books,BrandA,1956,20,Preorder,3.9
PEVT200362,2026-02-27 01:11:49,PID1110,Product_11,Electronics,BrandB,5145,39,Out of Stock,4.5
PEVT200363,2026-02-27 01:11:50,PID1109,Product_25,Books,BrandE,3309,1,Out of Stock,3.8
PEVT200364,2026-02-27 01:11:51,PID1190,Product_120,Electronics,BrandB,7652,38,In Stock,1.5
PEVT200365,2026-02-27 01:11:52,PID1097,Product_181,Books,BrandB,9398,37,Preorder,4.9
PEVT200366,2026-02-27 01:11:53,PID1035,Product_66,Sports,BrandA,1320,49,In Stock,3.4
PEVT200367,2026-02-27 01:11:54,PID1144,Product_114,Electronics,BrandC,3296,4,Out of Stock,3.6
PEVT200368,2026-02-27 01:11:55,PID1119,Product_111,Sports,BrandD,6146,38,Preorder,2.1
PEVT200369,2026-02-27 01:11:56,PID1003,Product_203,Books,BrandE,6003,33,In Stock,3.5
PEVT200370,2026-02-27 01:11:57,PID1111,Product_213,Sports,BrandA,9928,26,In Stock,1.8
PEVT200371,2026-02-27 01:11:58,PID1056,Product_275,Books,BrandB,1801,31,Preorder,2.2
PEVT200372,2026-02-27 01:11:59,PID1157,Product_31,Books,BrandC,4561,17,In Stock,2.7
PEVT200373,2026-02-27 01:12:00,PID1013,Product_277,Electronics,BrandB,8690,1,Preorder,3.1
PEVT200374,2026-02-27 01:12:01,PID1160,Product_238,Clothing,BrandD,6217,45,Preorder,3.6
PEVT200375,2026-02-27 01:12:02,PID1004,Product_53,Books,BrandB,9840,13,Preorder,1.6
PEVT200376,2026-02-27 01:12:03,PID1069,Product_142,Books,BrandC,8002,33,Preorder,1.0
PEVT200377,2026-02-27 01:12:04,PID1055,Product_47,Home Appliances,BrandD,7637,1,Out of Stock,1.6
PEVT200378,2026-02-27 01:12:05,PID1059,Product_167,Home Appliances,BrandD,8858,20,Preorder,2.3
PEVT200379,2026-02-27 01:12:06,PID1200,Product_146,Sports,BrandD,8251,39,Out of Stock,3.6
PEVT200380,2026-02-27 01:12:07,PID1189,Product_159,Home Appliances,BrandD,8344,12,Preorder,5.0
PEVT200381,2026-02-27 01:12:08,PID1065,Product_173,Home Appliances,BrandD,1209,28,Out of Stock,1.3
PEVT200382,2026-02-27 01:12:09,PID1112,Product_287,Home Appliances,BrandC,5228,10,Preorder,3.7
PEVT200383,2026-02-27 01:12:10,PID1012,Product_271,Books,BrandC,1808,42,Preorder,2.3
PEVT200384,2026-02-27 01:12:11,PID1042,Product_199,Home Appliances,BrandA,4368,19,Preorder,3.5
PEVT200385,2026-02-27 01:12:12,PID1087,Product_235,Books,BrandC,332,42,Out of Stock,1.2
PEVT200386,2026-02-27 01:12:13,PID1153,Product_135,Sports,BrandE,9863,24,In Stock,4.0
PEVT200387,2026-02-27 01:12:14,PID1158,Product_218,Books,BrandC,5626,44,Out of Stock,3.8
PEVT200388,2026-02-27 01:12:15,PID1043,Product_12,Electronics,BrandE,110,49,In Stock,1.3
PEVT200389,2026-02-27 01:12:16,PID1146,Product_190,Books,BrandE,1347,38,Out of Stock,3.9
PEVT200390,2026-02-27 01:12:17,PID1190,Product_23,Books,BrandA,8333,0,Out of Stock,3.7
PEVT200391,2026-02-27 01:12:18,PID1047,Product_22,Books,BrandA,7116,26,Preorder,3.9
PEVT200392,2026-02-27 01:12:19,PID1167,Product_79,Sports,BrandC,3015,30,Out of Stock,1.0
PEVT200393,2026-02-27 01:12:20,PID1198,Product_110,Electronics,BrandE,5382,35,Preorder,1.8
PEVT200394,2026-02-27 01:12:21,PID1113,Product_263,Electronics,BrandA,1453,25,Preorder,3.9
PEVT200395,2026-02-27 01:12:22,PID1065,Product_37,Sports,BrandD,1414,3,Preorder,1.8
PEVT200396,2026-02-27 01:12:23,PID1046,Product_79,Home Appliances,BrandC,9556,24,Preorder,2.3
PEVT200397,2026-02-27 01:12:24,PID1124,Product_171,Sports,BrandB,7752,27,In Stock,4.7
PEVT200398,2026-02-27 01:12:25,PID1155,Product_276,Electronics,BrandB,5005,29,In Stock,4.1
PEVT200399,2026-02-27 01:12:26,PID1171,Product_155,Electronics,BrandD,1372,2,Out of Stock,4.3
PEVT200400,2026-02-27 01:12:27,PID1140,Product_128,Home Appliances,BrandE,2379,31,Preorder,2.8
PEVT200401,2026-02-27 01:12:28,PID1003,Product_283,Sports,BrandD,8096,16,In Stock,2.6
PEVT200402,2026-02-27 01:12:29,PID1162,Product_82,Books,BrandC,7239,42,Preorder,4.8
PEVT200403,2026-02-27 01:12:30,PID1026,Product_197,Sports,BrandE,4277,37,In Stock,2.9
PEVT200404,2026-02-27 01:12:31,PID1041,Product_135,Books,BrandE,9136,6,In Stock,4.5
PEVT200405,2026-02-27 01:12:32,PID1159,Product_80,Home Appliances,BrandC,7981,43,Out of Stock,3.4
PEVT200406,2026-02-27 01:12:33,PID1164,Product_253,Electronics,BrandA,1300,31,Preorder,1.9
PEVT200407,2026-02-27 01:12:34,PID1178,Product_145,Books,BrandA,238,48,In Stock,3.8
PEVT200408,2026-02-27 01:12:35,PID1055,Product_109,Home Appliances,BrandB,4780,26,In Stock,2.4
PEVT200409,2026-02-27 01:12:36,PID1069,Product_275,Sports,BrandB,7488,43,Preorder,4.6
PEVT200410,2026-02-27 01:12:37,PID1124,Product_195,Sports,BrandC,3351,36,Preorder,4.5
PEVT200411,2026-02-27 01:12:38,PID1008,Product_149,Electronics,BrandB,6309,5,Out of Stock,3.8
PEVT200412,2026-02-27 01:12:39,PID1137,Product_175,Clothing,BrandD,3471,46,Preorder,4.4
PEVT200413,2026-02-27 01:12:40,PID1173,Product_170,Sports,BrandE,7317,8,In Stock,4.8
PEVT200414,2026-02-27 01:12:41,PID1145,Product_246,Clothing,BrandE,6913,40,Preorder,3.5
PEVT200415,2026-02-27 01:12:42,PID1150,Product_246,Books,BrandE,1357,22,In Stock,2.6
PEVT200416,2026-02-27 01:12:43,PID1083,Product_144,Electronics,BrandC,2300,40,In Stock,3.2
PEVT200417,2026-02-27 01:12:44,PID1179,Product_298,Electronics,BrandB,7500,35,In Stock,2.4
PEVT200418,2026-02-27 01:12:45,PID1053,Product_165,Sports,BrandB,3689,42,Preorder,4.5
PEVT200419,2026-02-27 01:12:46,PID1162,Product_78,Sports,BrandD,4024,7,Preorder,4.0
PEVT200420,2026-02-27 01:12:47,PID1141,Product_272,Books,BrandA,8419,8,Preorder,4.2
PEVT200421,2026-02-27 01:12:48,PID1005,Product_284,Books,BrandC,7263,5,Preorder,1.6
PEVT200422,2026-02-27 01:12:49,PID1177,Product_176,Books,BrandC,3144,13,Out of Stock,1.5
PEVT200423,2026-02-27 01:12:50,PID1171,Product_175,Books,BrandD,2259,36,In Stock,2.9
PEVT200424,2026-02-27 01:12:51,PID1173,Product_183,Books,BrandD,9822,40,Preorder,3.6
PEVT200425,2026-02-27 01:12:52,PID1187,Product_135,Electronics,BrandE,3676,13,Out of Stock,4.6
PEVT200426,2026-02-27 01:12:53,PID1031,Product_125,Sports,BrandE,8064,33,Out of Stock,4.2
PEVT200427,2026-02-27 01:12:54,PID1151,Product_140,Electronics,BrandD,3632,16,Out of Stock,2.2
PEVT200428,2026-02-27 01:12:55,PID1082,Product_219,Sports,BrandE,4635,30,In Stock,4.1
PEVT200429,2026-02-27 01:12:56,PID1005,Product_268,Clothing,BrandD,6895,9,In Stock,3.0
PEVT200430,2026-02-27 01:12:57,PID1111,Product_116,Sports,BrandD,2019,39,Preorder,4.9
PEVT200431,2026-02-27 01:12:58,PID1176,Product_206,Books,BrandD,9795,16,In Stock,4.6
PEVT200432,2026-02-27 01:12:59,PID1124,Product_61,Clothing,BrandC,525,11,Preorder,4.6
PEVT200433,2026-02-27 01:13:00,PID1132,Product_299,Books,BrandA,8359,2,In Stock,3.4
PEVT200434,2026-02-27 01:13:01,PID1176,Product_291,Books,BrandD,7537,20,Preorder,4.3
PEVT200435,2026-02-27 01:13:02,PID1196,Product_172,Sports,BrandD,7053,20,Preorder,5.0
PEVT200436,2026-02-27 01:13:03,PID1181,Product_218,Home Appliances,BrandB,8618,35,In Stock,1.7
PEVT200437,2026-02-27 01:13:04,PID1039,Product_281,Home Appliances,BrandD,9122,39,Out of Stock,3.1
PEVT200438,2026-02-27 01:13:05,PID1108,Product_18,Clothing,BrandD,4517,17,Preorder,3.3
PEVT200439,2026-02-27 01:13:06,PID1112,Product_230,Sports,BrandC,4778,18,In Stock,3.0
PEVT200440,2026-02-27 01:13:07,PID1131,Product_60,Home Appliances,BrandC,3276,35,Preorder,1.3
PEVT200441,2026-02-27 01:13:08,PID1046,Product_227,Books,BrandC,3549,32,In Stock,3.1
PEVT200442,2026-02-27 01:13:09,PID1119,Product_26,Electronics,BrandB,1908,29,Preorder,4.5
PEVT200443,2026-02-27 01:13:10,PID1052,Product_271,Clothing,BrandC,7406,45,Preorder,1.9
PEVT200444,2026-02-27 01:13:11,PID1193,Product_37,Clothing,BrandD,7425,35,In Stock,2.4
PEVT200445,2026-02-27 01:13:12,PID1140,Product_194,Home Appliances,BrandC,7307,5,In Stock,3.4
PEVT200446,2026-02-27 01:13:13,PID1180,Product_281,Books,BrandA,8642,1,In Stock,3.1
PEVT200447,2026-02-27 01:13:14,PID1135,Product_159,Clothing,BrandB,9219,45,In Stock,1.7
PEVT200448,2026-02-27 01:13:15,PID1074,Product_138,Sports,BrandD,4078,13,Preorder,2.0
PEVT200449,2026-02-27 01:13:16,PID1030,Product_86,Home Appliances,BrandD,5528,39,Preorder,5.0
PEVT200450,2026-02-27 01:13:17,PID1191,Product_79,Electronics,BrandA,537,4,Out of Stock,1.3
PEVT200451,2026-02-27 01:13:18,PID1060,Product_110,Home Appliances,BrandD,7140,12,In Stock,2.7
PEVT200452,2026-02-27 01:13:19,PID1089,Product_186,Sports,BrandA,1297,42,In Stock,4.7
PEVT200453,2026-02-27 01:13:20,PID1186,Product_26,Sports,BrandD,221,25,Out of Stock,3.8
PEVT200454,2026-02-27 01:13:21,PID1089,Product_132,Clothing,BrandB,8706,12,Preorder,3.1
PEVT200455,2026-02-27 01:13:22,PID1190,Product_138,Home Appliances,BrandD,6425,6,Out of Stock,4.6
PEVT200456,2026-02-27 01:13:23,PID1155,Product_32,Clothing,BrandC,2989,41,Out of Stock,3.4
PEVT200457,2026-02-27 01:13:24,PID1099,Product_164,Home Appliances,BrandB,7630,30,Preorder,2.9
PEVT200458,2026-02-27 01:13:25,PID1006,Product_125,Books,BrandB,9755,13,In Stock,2.4
PEVT200459,2026-02-27 01:13:26,PID1054,Product_227,Electronics,BrandA,5836,30,Out of Stock,2.7
PEVT200460,2026-02-27 01:13:27,PID1136,Product_190,Clothing,BrandD,3328,9,Preorder,4.3
PEVT200461,2026-02-27 01:13:28,PID1054,Product_251,Clothing,BrandA,1842,45,In Stock,3.2
PEVT200462,2026-02-27 01:13:29,PID1026,Product_178,Home Appliances,BrandC,1758,4,Preorder,1.2
PEVT200463,2026-02-27 01:13:30,PID1173,Product_132,Electronics,BrandD,6683,33,Out of Stock,2.3
PEVT200464,2026-02-27 01:13:31,PID1026,Product_79,Electronics,BrandD,4528,14,In Stock,4.0
PEVT200465,2026-02-27 01:13:32,PID1110,Product_119,Sports,BrandD,682,9,In Stock,1.8
PEVT200466,2026-02-27 01:13:33,PID1151,Product_35,Sports,BrandA,6452,32,In Stock,3.5
PEVT200467,2026-02-27 01:13:34,PID1121,Product_153,Electronics,BrandA,2028,20,In Stock,4.3
PEVT200468,2026-02-27 01:13:35,PID1113,Product_111,Electronics,BrandA,6070,49,In Stock,3.4
PEVT200469,2026-02-27 01:13:36,PID1008,Product_279,Sports,BrandA,7050,12,Preorder,1.7
PEVT200470,2026-02-27 01:13:37,PID1019,Product_42,Clothing,BrandD,2553,2,In Stock,3.4
PEVT200471,2026-02-27 01:13:38,PID1186,Product_14,Electronics,BrandD,7212,45,Preorder,4.7
PEVT200472,2026-02-27 01:13:39,PID1089,Product_38,Electronics,BrandC,1266,15,In Stock,3.8
PEVT200473,2026-02-27 01:13:40,PID1184,Product_220,Clothing,BrandE,2410,35,Preorder,4.5
PEVT200474,2026-02-27 01:13:41,PID1032,Product_143,Home Appliances,BrandC,6573,21,Out of Stock,3.2
PEVT200475,2026-02-27 01:13:42,PID1126,Product_135,Home Appliances,BrandE,3521,15,Out of Stock,4.4
PEVT200476,2026-02-27 01:13:43,PID1050,Product_127,Electronics,BrandC,1861,35,Out of Stock,1.2
PEVT200477,2026-02-27 01:13:44,PID1084,Product_48,Electronics,BrandE,3792,28,In Stock,4.5
PEVT200478,2026-02-27 01:13:45,PID1013,Product_244,Electronics,BrandA,235,7,Preorder,3.1
PEVT200479,2026-02-27 01:13:46,PID1181,Product_12,Home Appliances,BrandD,1463,16,Out of Stock,3.6
PEVT200480,2026-02-27 01:13:47,PID1009,Product_57,Clothing,BrandB,3526,15,Out of Stock,3.8
PEVT200481,2026-02-27 01:13:48,PID1001,Product_238,Home Appliances,BrandE,1693,29,Preorder,4.0
PEVT200482,2026-02-27 01:13:49,PID1003,Product_119,Sports,BrandB,7868,11,Preorder,4.5
PEVT200483,2026-02-27 01:13:50,PID1067,Product_273,Sports,BrandA,6084,24,In Stock,2.1
PEVT200484,2026-02-27 01:13:51,PID1145,Product_203,Books,BrandE,2626,46,In Stock,4.9
PEVT200485,2026-02-27 01:13:52,PID1024,Product_261,Books,BrandB,2391,22,In Stock,2.6
PEVT200486,2026-02-27 01:13:53,PID1132,Product_283,Clothing,BrandA,2425,50,Out of Stock,2.8
PEVT200487,2026-02-27 01:13:54,PID1135,Product_64,Sports,BrandD,311,31,Preorder,2.8
PEVT200488,2026-02-27 01:13:55,PID1095,Product_252,Clothing,BrandC,7441,26,Preorder,3.2
PEVT200489,2026-02-27 01:13:56,PID1120,Product_74,Sports,BrandB,2069,1,Out of Stock,1.1
PEVT200490,2026-02-27 01:13:57,PID1107,Product_214,Sports,BrandA,4381,41,In Stock,2.9
PEVT200491,2026-02-27 01:13:58,PID1154,Product_71,Clothing,BrandE,379,48,Out of Stock,4.4
PEVT200492,2026-02-27 01:13:59,PID1160,Product_80,Sports,BrandB,487,0,Out of Stock,4.8
PEVT200493,2026-02-27 01:14:00,PID1194,Product_188,Clothing,BrandE,2333,1,In Stock,3.3
PEVT200494,2026-02-27 01:14:01,PID1118,Product_124,Books,BrandD,2154,32,Out of Stock,4.7
PEVT200495,2026-02-27 01:14:02,PID1068,Product_271,Electronics,BrandA,1259,25,Out of Stock,1.7
PEVT200496,2026-02-27 01:14:03,PID1134,Product_179,Electronics,BrandE,8304,41,Out of Stock,2.8
PEVT200497,2026-02-27 01:14:04,PID1120,Product_48,Electronics,BrandA,105,41,Preorder,1.2
PEVT200498,2026-02-27 01:14:05,PID1017,Product_223,Home Appliances,BrandE,9622,41,In Stock,1.8
PEVT200499,2026-02-27 01:14:06,PID1082,Product_276,Clothing,BrandA,6134,36,In Stock,3.2
